time,objective,best_bound,gap
60.45594382286072,96874.0,97254.95238095237,0.0039324522674026785
308.57948780059814,96874.0,97234.11904761914,0.0037173962840301882
603.8687229156494,96874.0,97194.12863327154,0.0033045877456442285
903.4816038608551,96874.0,97174.50505050588,0.00310201963897305
