instance,time,objective,gap,best_gap,best_obj
instance1,30,96874.0,0.019662608660453162,0.019662608660453162,96874.0
instance1,45,96874.0,0.019662608660453162,0.019662608660453162,96874.0
instance1,60,96874.0,0.019662608660453162,0.019662608660453162,96874.0
instance2,30,96808.0,0.0390788624745645,0.0390788624745645,96808.0
instance2,45,96808.0,0.0390788624745645,0.0390788624745645,96808.0
instance2,60,96808.0,0.0390788624745645,0.0390788624745645,96808.0
