instance,time,best_gap,avg_gap,iterations,iter_best,patients
instance1,6.0,0.17216673244482228,0.17739805738212658,7674,4164,41
instance1,12.0,0.17215661272857907,0.17478594479773063,15308,10339,41
instance1,18.0,0.17215661272857907,0.17390889027815934,22970,10339,41
instance2,6.0,0.06883716313464683,0.07922344105791998,6349,6240,48
instance2,12.0,0.06881731103280564,0.07413891398434937,12427,10840,48
instance2,18.0,0.06880738498188499,0.07236644866736038,18619,13565,48
instance3,6.0,0.01682055477637523,0.055190604005058604,5203,4789,57
instance3,12.0,0.016801075268817245,0.036178935953125727,10312,9504,57
instance3,18.0,0.016801075268817245,0.029960410097695372,15185,9504,57
