instance,time,best_gap,avg_gap,std_gap,iterations,iter_best,patients
instance1,18.0,0.040043717174170435,0.07341621185649518,0.005115516560915634,21453,12517,49
instance1,30.0,0.040043717174170435,0.060685649571053546,5.059858121603256e-06,35298,12517,50
instance2,18.0,0.04906446970072953,0.056802693071166074,9.92605092065002e-06,18342,18030,51
instance2,30.0,0.04906446970072953,0.053726685976180535,9.92605092065002e-06,30473,18030,51
instance3,18.0,0.021203443976936298,0.03171854576535067,0.003014453794608074,16428,11198,56
instance3,30.0,0.021203443976936298,0.028593917703699918,0.0026053841358890106,27165,11198,57
